var,peak_tail
R27S,1.079521
R27C,0.43665664
R27G,1.012036
R27H,0.831744
R27L,1.052676
R27P,0.65254084
K28Q,1.454436
K28E,0.37491129
K28M,1.630729
K28T,1.054729
K28R,0.82410084
K28N,2.027776
F29I,1.483524
F29L,0.57623281
F29V,0.54140164
F29Y,1.605289
F29S,0.13682601
F29C,0.27920656
I30F,0.27741289
I30L,1.590121
I30V,1.602756
I30N,0.11771761
I30T,0.38700841
I30S,0.18800896
I30M,0.78818884
I31F,0.76772644
I31L,1.177225
I31V,1.142761
I31N,0.06880129
I31T,0.109561
I31S,0.10771524
I31M,0.54096025
A32T,0.55472704
A32S,0.85636516
A32P,0.09259849
A32D,0.10144225
A32V,1.062961
A32G,0.96904336
N33Y,0.552049
N33H,0.72284004
N33D,1.597696
N33I,0.49196196
N33T,1.456849
N33S,1.083681
N33K,0.71690089
A34T,0.89908324
A34S,1.008016
A34P,0.78127921
A34D,0.35581225
A34V,0.74321641
A34G,0.60295225
R35W,1.364224
R35G,1.5625
R35Q,1.401856
R35L,1.285956
R35P,0.92659876
V36M,1.199025
V36L,1.315609
V36E,1.656369
V36A,1.168561
V36G,1.227664
E37K,1.108809
E37Q,0.69305625
E37V,1.065024
E37A,1.577536
E37G,1.3689
E37D,0.60202081
N38Y,0.87628321
N38H,1.503076
N38D,1.127844
N38I,0.43626025
N38T,0.76860289
N38S,0.91872225
N38K,0.67141636
C39S,0.60202081
C39R,0.407044
C39G,1.164241
C39Y,1.036324
C39F,1.058841
C39W,1.577536
A40T,0.80174116
A40S,0.67207204
A40P,0.92006464
A40D,0.49716601
A40V,1.666681
A40G,0.68608089
V41I,1.1236
V41F,0.08856576
V41L,0.83338641
V41D,0.12075625
V41A,0.37283236
V41G,0.226576
I42F,0.39050001
I42L,0.90744676
I42V,1.042441
I42N,0.08031556
I42T,0.63712324
I42S,0.21669025
I42M,0.91126116
Y43N,0.13126129
Y43H,0.648025
Y43D,0.14432401
Y43F,0.81938704
Y43S,0.12752041
Y43C,0.10699441
C44S,1.046529
C44R,0.15904144
C44G,0.22306729
C44Y,0.13198689
C44F,0.12794929
C44W,0.27112849
N45Y,0.28718881
N45H,0.58094884
N45D,0.65853225
N45I,0.17272336
N45T,1.671849
N45S,1.201216
N45K,0.26998416
D46N,1.214404
D46Y,0.64850809
D46H,0.63123025
D46V,0.74597769
D46A,0.92448225
D46G,0.95863681
D46E,0.76247824
G47S,0.46826649
G47C,0.30924721
G47R,0.96864964
G47D,1.572516
G47V,0.06375625
G47A,1.012036
F48I,0.09156676
F48L,0.12425625
F48V,0.088209
F48Y,0.10355524
F48S,0.06713281
F48C,0.10156969
C49S,0.91910569
C49R,0.38415204
C49G,0.17007376
C49Y,0.30382144
C49F,0.09847044
C49W,0.07980625
E50K,1.079521
E50Q,1.117249
E50V,0.938961
E50A,0.45859984
E50G,0.85766121
E50D,1.155625
L51M,0.85581001
L51V,0.44302336
L51Q,0.346921
L51P,0.10732176
L51R,0.08421604
C52S,0.863041
C52R,0.128164
C52G,0.32444416
C52Y,0.63808144
C52F,1.340964
C52W,1.352569
G53S,0.34892649
G53C,0.44023225
G53R,0.45373696
G53D,0.18447025
G53V,0.29560969
G53A,0.52940176
Y54N,0.15163236
Y54H,0.53319204
Y54D,0.17489124
Y54F,0.95883264
Y54S,0.20286016
Y54C,0.094249
S55T,1.703025
S55P,0.63568729
S55A,0.99062209
S55L,0.73051209
S55W,0.14799409
R56W,0.277729
R56G,0.12702096
R56Q,0.70291456
R56L,0.21270544
R56P,0.88397604
A57T,0.99780121
A57S,0.90193009
A57P,1.022121
A57D,0.76177984
A57V,0.78446449
A57G,0.84327489
E58K,0.2601
E58Q,0.73650724
E58V,0.66113161
E58A,0.26873856
E58G,0.13329801
E58D,0.97930816
V59M,0.67881121
V59L,1.308736
V59E,0.15202201
V59A,0.08392609
V59G,0.05645376
M60L,0.65577604
M60V,0.61606801
M60K,0.09443329
M60T,0.39614436
M60R,0.12187081
M60I,1.046529
Q61K,0.67469796
Q61E,1.069156
Q61L,1.542564
Q61P,0.10265616
Q61R,1.010025
Q61H,1.201216
R62G,1.547536
R62Q,0.85322169
R62L,1.575025
R62P,0.06610041
P63T,1.170724
P63S,0.783225
P63A,1.205604
P63H,1.159929
P63L,0.39262756
P63R,0.89321401
C64S,0.85618009
C64R,0.31371201
C64G,0.87834384
C64Y,0.58874929
C64F,0.65869456
C64W,0.224676
T65S,0.87909376
T65P,0.426409
T65A,0.51753636
T65N,0.40691641
T65I,0.70526404
C66S,0.218089
C66R,0.07409284
C66G,0.167281
C66Y,0.20802721
C66F,0.88397604
C66W,0.44009956
D67N,0.95746225
D67Y,0.34904464
D67H,1.147041
D67V,1.079521
D67A,0.73376356
D67G,0.842724
D67E,1.4884
F68I,0.21390625
F68L,0.19070689
F68V,0.12285025
F68Y,1.582564
F68S,0.08832784
F68C,0.09418761
L69M,1.292769
L69V,0.12510369
L69Q,0.13549761
L69P,0.11985444
L69R,0.22915369
H70N,0.95942025
H70Y,1.570009
H70D,0.19829209
H70L,0.60497284
H70P,0.17330569
H70R,0.93334921
H70Q,1.056784
G71R,0.20912329
G71W,0.08392609
G71E,0.18455616
G71V,0.04397409
G71A,0.16257024
P72T,0.60808804
P72S,0.70644025
P72A,0.95433361
P72Q,0.65028096
P72L,0.352836
P72R,0.67354849
R73S,0.65480464
R73C,0.82828201
R73G,0.81757764
R73H,1.229881
R73L,0.48038761
R73P,0.12145225
T74S,0.11826721
T74P,0.07778521
T74A,0.08317456
T74K,0.06827769
T74M,0.09168784
T74R,0.10510564
Q75K,0.66341025
Q75E,1.125721
Q75L,1.127844
Q75P,0.72709729
Q75R,0.72539289
Q75H,0.66357316
R76S,1.263376
R76C,0.81649296
R76G,1.155625
R76H,1.170724
R76L,1.164241
R76P,1.0201
R77S,0.93180409
R77C,1.227664
R77G,1.364224
R77H,1.223236
R77L,0.84033889
R77P,1.175056
A78T,0.56175025
A78S,1.006009
A78P,0.85858756
A78D,0.84107241
A78V,0.42732369
A78G,0.99980001
A79T,0.48762289
A79S,1.249924
A79P,0.11819844
A79D,0.21986721
A79V,0.567009
A79G,0.85248289
A80T,1.4884
A80S,0.28047616
A80P,0.15358561
A80E,1.229881
A80V,1.038361
A80G,0.86285521
Q81K,0.95961616
Q81E,1.507984
Q81L,1.147041
Q81P,0.19166884
Q81R,1.181569
Q81H,1.058841
I82F,0.85045284
I82L,1.038361
I82V,1.065024
I82N,0.11758041
I82T,0.09703225
I82S,0.17007376
I82M,0.38328481
A83T,0.95199049
A83S,0.91891396
A83P,0.14182756
A83E,0.69039481
A83V,0.64064016
A83G,0.97653924
Q84K,1.012036
Q84E,1.138489
Q84L,0.66406201
Q84P,0.12552849
Q84R,1.1664
Q84H,0.95160025
A85T,0.79103236
A85S,0.89378116
A85P,0.159201
A85E,0.11785489
A85V,0.34117281
A85G,0.65011969
L86M,1.21
L86V,0.97990201
L86Q,0.15249025
L86P,0.16573041
L86R,0.14077504
L87M,0.97891236
L87V,0.83320384
L87Q,0.88906041
L87P,0.081225
L87R,0.86713344
G88S,1.094116
G88C,0.28665316
G88R,1.290496
G88D,0.96000804
G88V,1.252161
G88A,0.92948881
A89T,1.172889
A89S,1.212201
A89P,0.69172489
A89D,1.207801
A89V,0.73822464
A89G,1.223236
E90K,0.65496649
E90Q,1.048576
E90V,0.94536729
E90A,0.90935296
E90G,0.72403081
E90D,0.91336249
E91K,0.69189124
E91Q,1.010025
E91V,0.77352025
E91A,0.904401
E91G,0.83649316
E91D,0.799236
R92S,1.077444
R92C,0.89661961
R92G,0.75463969
R92H,1.106704
R92L,1.104601
R92P,0.49603849
K93Q,1.620529
K93E,1.507984
K93I,1.0404
K93T,1.44
K93R,1.3689
K93N,0.95922436
V94M,0.56866681
V94L,0.52983841
V94E,0.85821696
V94A,0.88153321
V94G,0.19377604
E95K,0.97871449
E95Q,1.052676
E95V,0.60016009
E95A,0.894916
E95G,0.79334649
E95D,1.075369
I96F,0.13227769
I96L,0.56957209
I96V,0.75359761
I96N,0.44555625
I96T,0.55935441
I96S,0.22486564
I96M,0.67190809
A97T,1.387684
A97S,0.89813529
A97P,0.2704
A97D,1.229881
A97V,1.218816
A97G,0.77211369
F98I,0.813604
F98L,1.012036
F98V,0.41126569
F98Y,1.050625
F98S,0.178929
F98C,0.57380625
Y99N,0.59413264
Y99H,0.79459396
Y99D,0.19158129
Y99F,0.16842816
Y99S,0.487204
Y99C,0.40921609
R100W,0.15737089
R100G,0.25472209
R100Q,0.25847056
R100L,0.17405584
R100P,0.131769
K101Q,0.692224
K101E,0.13660416
K101I,0.26946481
K101T,0.14538969
K101R,1.018081
K101N,0.42367081
D102N,1.136356
D102Y,0.26132544
D102H,0.54641664
D102V,0.27217089
D102A,0.61701025
D102G,0.48706441
D102E,0.94633984
G103R,0.94595076
G103W,0.47858724
G103E,0.89965225
G103V,0.20196036
G103A,0.79709184
